{"cameraMode":{"drawMode":0,"name":"Shaded","section":"Shading Mode"},"sceneLighting":true,"audioPlay":false,"sceneViewState":{"m_AlwaysRefresh":false,"showFog":true,"showSkybox":true,"showFlares":true,"showImageEffects":true,"showParticleSystems":true,"showVisualEffectGraphs":true,"m_FxEnabled":true},"in2DMode":false,"pivot":{"x":8.102986335754395,"y":7.069157123565674,"z":-10.496002197265625},"rotation":{"x":0.015751086175441743,"y":0.6751331090927124,"z":-0.01435264851897955,"w":0.7374552488327026},"size":7.110726833343506,"orthographic":false}