{"cameraMode":{"drawMode":0,"name":"Shaded","section":"Shading Mode"},"sceneLighting":true,"audioPlay":false,"sceneViewState":{"m_AlwaysRefresh":false,"showFog":true,"showSkybox":true,"showFlares":true,"showImageEffects":true,"showParticleSystems":true,"showVisualEffectGraphs":true,"m_FxEnabled":true},"in2DMode":false,"pivot":{"x":-1.2295866012573243,"y":0.07268762588500977,"z":0.7520608901977539},"rotation":{"x":0.17810547351837159,"y":0.7452448010444641,"z":-0.21980656683444978,"w":0.6038718819618225},"size":3.6440017223358156,"orthographic":false}