{"cameraMode":{"drawMode":0,"name":"Shaded","section":"Shading Mode"},"sceneLighting":true,"audioPlay":false,"sceneViewState":{"m_AlwaysRefresh":false,"showFog":true,"showSkybox":true,"showFlares":true,"showImageEffects":true,"showParticleSystems":true,"showVisualEffectGraphs":true,"m_FxEnabled":true},"in2DMode":false,"pivot":{"x":-77.81473541259766,"y":11.24022388458252,"z":-0.22986793518066407},"rotation":{"x":0.1315796971321106,"y":0.07161664962768555,"z":-0.009530404582619667,"w":0.9886707663536072},"size":14.319266319274903,"orthographic":false}