{"cameraMode":{"drawMode":0,"name":"Shaded","section":"Shading Mode"},"sceneLighting":true,"audioPlay":false,"sceneViewState":{"m_AlwaysRefresh":false,"showFog":true,"showSkybox":true,"showFlares":true,"showImageEffects":true,"showParticleSystems":true,"showVisualEffectGraphs":true,"m_FxEnabled":true},"in2DMode":false,"pivot":{"x":0.03573942184448242,"y":-3.338193893432617,"z":2.029460906982422},"rotation":{"x":0.2713463306427002,"y":-0.011249483563005925,"z":0.0031735177617520096,"w":0.9624142646789551},"size":20.50156021118164,"orthographic":false}